stimuli,v1,v2,v3,v4,v5,v6,v7,v8,v9,v10
0,-0.10813161922823282,0.09771598926041808,0.15430744336343893,-0.23447990312154945,-0.23973783997696282,0.036345325874880284,0.003382515689045538,0.08043838781184048,-0.7928203352067128,0.4075292435131413
0,0.07016090209990991,-0.15547419682450253,-0.7866943590754759,0.369306950865861,-0.0960420913808767,0.014135602704701386,-0.05627947361868378,0.13452734103871675,0.5107181167536724,0.38216570263718336
0,-0.34008680606544595,-0.1635171825953231,0.04818364656568555,0.10260855687630759,-0.17416373847855662,-0.014045889076087115,0.4385675823559978,0.06558904969951766,0.603413925061302,0.397390459543761
0,0.3106110730297067,0.08635351790142153,0.44192045399625524,-0.6608184272544557,-0.0706168818306472,-0.103438898165534,0.15075791979525663,0.021420807495981516,0.44807319437164184,0.39655156693045823
0,-0.22081151559931844,0.014869421658070009,-0.06499140204082093,0.19441024281895664,-0.25504251965641206,0.02963193390235433,-0.008852543815636434,0.008910116316746979,-0.6464730167711347,0.41141750288379253
0,0.13355655805304414,-0.2524651860313048,0.05979923614479634,0.2768289318484336,-0.1131073763918415,-0.020572263836607152,0.09898414163092822,0.14056901698252736,0.7574807384882188,0.4005423924601879
0,0.13613587572030547,0.10053899163175445,0.2895719627622225,0.010225434554396798,-0.22194065182184725,0.0597845822738086,0.12873450832941782,0.09637304704002374,0.3127374821451377,0.39746953089367637
0,0.15551391423919475,0.2815329158730535,-0.26434526071382713,-0.17209282784239635,0.3867221023574454,-0.03869985249547225,0.06812976841298132,0.08769295219285121,-0.14152915559302257,0.3966225673850342
0,-0.41544969901174655,0.07494709577097704,-0.006742230151311471,0.31256371146302847,-0.06854345617498704,-0.016212792737080515,0.25423397514506885,0.07645610409433684,1.1415730635711667,0.4007145454053367
0,-0.31448354447781296,-0.1049941912443167,0.09028702159325722,0.5006626251023607,1.0243041595132594,-0.07078116676961739,0.007708167172387223,0.0016149985696141205,0.19761377713050784,0.40435235694986127
0,-0.4187704123230034,0.16398654291092912,0.05850280012168011,0.45133623571955106,-0.4370953359634027,0.008349389234018836,0.031214339487398077,-0.007014592590219301,-0.02094688927200151,0.4058182483935756
0,-0.08165418715741311,0.25564971875167664,-0.09438026997982199,0.13301030033992597,0.0002723427827723371,0.09259627963302429,0.07840230544225649,0.0525771214560461,0.5144371757560009,0.39864795181582807
0,-0.27540510281502995,0.10235414807907849,1.1107575340103955,-0.05076837967693057,0.36265041124143,-0.08788369312447775,-0.12641395741638914,-0.1096116027360103,0.3546558762249251,0.39436202918217006
0,-0.07162755267364199,-0.10917125726422759,0.45270485128192717,0.006031087223627276,-0.6755659695422757,0.14882905833673604,-0.006387404755787639,0.11577352121955152,0.1949479879161479,0.39401168215787197
0,0.17744790968105692,-0.008078913258599893,-0.12890874180924683,0.13847298509246372,0.5964148949751646,-0.007932783185539551,0.001977882709562521,-0.0051331863389596916,0.5443550857132554,0.40564271907682026
1,0.8604574161456411,0.9386512065214507,0.02711655983190584,0.39611536875314957,0.3870771261470555,-1.0480673335066684,0.18698755849614992,0.11444148005113221,-0.11582305673718156,0.39406690901794766
1,1.025313789976994,1.2666846788172217,-0.13136800382801364,-0.35208050894685183,-0.20486008063826835,-1.086452017060221,0.3347397880740068,0.019727193389193466,-0.36226317378897,0.3965209885845668
1,0.8850932433856642,1.292190578656435,0.09997932252643021,0.3706070160210482,-0.8023448772189122,-1.0650886341479373,-0.050270269153241905,0.1650146898226863,0.12450466881297603,0.39401362370885024
1,0.47838610177458807,0.934130586389444,-0.3978906759720826,-0.3059766726435633,-0.06207692790245938,-0.9835081274545275,0.4260242194289529,0.08951232163272635,-0.15855295431361113,0.4044788264743335
1,1.8957121676524038,1.0668096221158205,0.5220245866228254,0.08487258747532579,-0.21259122532640404,-1.0388716716070594,0.2571902932155502,0.031711373116135165,-0.11107056840480717,0.40156349816889647
1,1.3645544789509383,1.002190801667116,-0.02067489690933288,-0.5039717465343381,0.37034247240244395,-1.0430051234062163,0.03949269359337831,0.25704424726587327,0.43172485648183695,0.3928023350443847
1,1.0632057509882802,0.695687897529523,-0.3936014511910394,-0.3502010043406916,-0.3477190517542783,-1.1571178425737356,0.15833899809340005,0.0010626470602561528,0.17772958965137114,0.38427409385028516
1,0.8173268142717506,1.035267356677481,-0.4040395131944564,-0.0898546983132846,-0.1921901453135932,-0.9521479716085886,0.14332318034068284,0.0077122705168054155,-0.16850049896714975,0.40195469833868147
1,0.5316998824035918,1.0760921324867077,0.10948537221958231,-0.39139961262207434,-0.4996175512225949,-1.0310739892600094,0.3743730759378378,-0.034276699138544836,-0.0955531929950269,0.4253267479694407
1,1.4346690137091518,1.1927675142902885,0.0701004193882699,-0.10254476063289777,-0.575642178235409,-1.089840233899086,-0.0430740147136714,0.13953992784422403,0.09064998328430678,0.4044846670138288
1,0.7219465808716519,1.0060162108594157,-0.2079628510934877,-0.06628484621760733,-0.26374742492756403,-0.9604284891450918,0.04533686875229455,0.13932741149338643,0.5290965596426193,0.3954920648109585
1,1.4493531126538985,1.2873920088444928,-0.45231017881398156,-0.06329621583055907,-0.5061062269769425,-0.8608577708865505,0.28249897401332785,0.17400105457058648,0.5675509793431869,0.39638264274568685
1,1.1078693856542905,1.182334475759746,-0.19293696782857805,0.04323128802938039,-0.11272434109208655,-0.9653056103798495,-0.006531256044091474,0.09209338150031235,0.36266348881223825,0.39382489388944714
1,1.0893669805718975,0.8121400016403727,0.0881294799037118,0.21499505473606478,0.21706974055380726,-0.8616378764687685,0.11199108467521608,0.04838689873471914,0.37240001420923075,0.39438298776966296
1,0.8621279154062323,1.1642130836172087,0.19928625074976328,0.15211566315560773,-0.32711228186794444,-0.9534109888733368,0.35578750213229965,0.11128582330199603,0.6708977220123926,0.4011563967948125
0,-0.18533567898867234,-0.4576970302011284,-0.5835787938704387,0.030868743275255867,-0.16695569106018598,-0.05427937558094212,0.09709469450802746,0.09461865035470915,-0.3240166241876217,0.40189183640170273
0,0.22377951750778632,-0.031181947618326496,-0.3319779850147165,-0.33911064550694014,0.06628136465738213,0.08119376873712303,0.28942616477607197,0.053230541700396226,0.8375179047579164,0.4060435927969678
0,-0.12009922849746162,-0.10114352434640056,-0.3036669140160061,-0.30794763827680083,-0.3363852847798425,-0.04060117713710726,0.10646931580191435,-0.0017663599594921575,0.12369036603965718,0.4068647466200968
0,0.031786400085377114,0.0002673270671504437,-0.10139809192134132,0.13823693304659018,0.1850253433218812,-0.1030273374184614,0.35301761381287255,0.1681268209247074,0.3603741380432612,0.4090165315836218
0,0.24819819425362172,-0.004864794001959829,0.10484073456005884,-0.44903038952368846,-0.5924987806639594,-0.04712979787353128,0.050750775437002564,-0.004928934058829726,-0.6367067359944014,0.40302332931295654
0,-0.08664448986198493,0.3298255466937647,0.43954894448390086,0.12725618271635933,0.19958695912649338,-0.007922818835873409,-0.23848921727155376,0.22020382551709183,0.5715913732951251,0.3917250216023034
0,-0.12800933664324388,-0.23464930265094308,-0.052697550775174795,-0.23080948056094197,-0.3233134535128505,-0.14115698171418356,0.10530186044277677,-0.08290789228285934,0.056262367550472626,0.40654478314828585
0,0.42861194472478475,-0.22112719632157551,0.411030133344507,-0.049973044226684825,0.21512578928763945,-0.0015637574319687202,0.24226908805001737,0.03466254911823415,-0.3965630839862091,0.39524646640786704
0,0.36852974799878946,0.010816703475682865,0.19904486498924093,0.14122709646160897,-0.2847382824661985,0.06589594959906878,-0.06207497190208945,-0.011020910842661278,0.296626009925766,0.41256201376582674
0,0.21444234775146143,-0.1369622322781906,0.06500566331215239,0.07727952805333543,-0.009319577228379975,0.01651591991103109,0.06288816868513862,0.05046811106103996,0.20790980904543604,0.40478118125963675
0,-0.011186614715395926,0.0731867253573556,-0.09680593882376316,0.06378634197292615,-0.9256410008802475,0.13753286541884777,0.26038429148010406,0.06289727849471546,-0.1623708838126005,0.3933328350056228
0,0.22213091990061323,-0.07491761952052715,0.05201473238783855,-0.005577083433577733,-0.732267976327279,-0.1277926596263167,-0.07461789734708377,-0.05154530752272605,0.27163836967797667,0.39023912945028405
0,-0.2771157288500482,-0.04116618618542521,0.23402890701734214,-0.4490835878068555,-0.06919294342682504,-0.011820078677641002,0.06104428323063385,0.10949328985688928,0.1764521710943301,0.40990357076862416
0,0.014613587571223465,-0.11345414412565945,-0.12502051947264353,0.5563294132217796,-0.4019156495557708,0.13850370080839874,-0.18782746554108073,0.03757824032028943,0.7656617436454066,0.4091373936147282
0,0.37651264508508914,-0.34034143437197867,0.06804749912527436,0.18548559062785905,-0.410961509910112,0.07642225018308005,-0.10558650252793421,0.1358377729693379,1.0216960368368342,0.4119190478978439
1,1.0144095237749617,0.94401130825936,0.2466833922225509,-0.9125011861023596,-0.7993713219457499,-0.9138293239979592,-0.2291881401730993,-0.017724388640894165,0.9120144293551162,0.3995862942980317
1,1.1309397465874134,0.996576003104042,-0.03236695488165987,0.4067059719864096,0.006977703695909835,-1.1016309567884188,0.053036284146983075,0.1007204964587225,-0.48080814721320364,0.40382311703168694
1,0.9168784966957813,1.2714574149692517,-0.04797760223611747,-0.3019097271949699,0.18759153666864434,-1.0533765126018484,0.2519593427512101,-0.01759082601163987,0.42160023574964467,0.3986213373484996
1,0.9948616903811932,0.7734471178304032,-0.16352053630395103,0.522274083644499,0.18550163356828156,-1.0793233352251148,0.19471912007769018,0.05941906960722018,0.9210956736188811,0.39798329732271365
1,0.846820829190367,1.2532016423170085,-0.17256074485195597,-0.1685066144385097,0.1640991648575484,-1.1071734069925807,0.09589436300486519,0.12051624369623018,-0.3940419554377045,0.3990202206895983
1,1.0673461851718036,1.1643224965751084,-0.28691060859776923,-0.33124536361784823,-0.7445417975840851,-0.9011083243611581,0.10571508456886312,-0.011275558951310632,-0.4465430237983755,0.39402870200728196
1,0.5305379322692836,1.120434167839552,0.16925882542388296,-0.6099581044171215,0.10803396016832703,-1.1450977691427027,0.19498122523608924,-0.14543663844709334,0.16133182689335085,0.39602116369924156
1,0.7347775595920514,1.1371542124531935,0.4063163054493784,0.15226618108901202,-0.7128819680192365,-0.9953598887016992,0.2427989433168191,0.18815624376827994,0.2652521829401167,0.39468139167540556
1,1.0507692280811953,1.0113929171174996,0.7786229144375935,0.15154465272155387,0.33642218078778213,-0.77438520944766,-0.14501397942270502,-0.08770892314831173,0.20651130572400023,0.4163053368113671
1,0.757625977813815,1.3988503908079049,0.16132756273265356,-0.233903947866788,0.3119754575129322,-1.1141591571738982,0.3662323335223341,0.08900935853027592,0.35344287674044345,0.3971798818851353
1,0.970954926195403,1.0902768316868303,-0.26568145043387087,0.3717830615458302,0.08937123439789459,-1.0703488683871114,0.08923036134659973,-0.16872379649799607,0.4753498635621685,0.3944050679639801
1,1.166064802900043,0.907172755712597,-0.001667135137077873,0.054467440474780894,-0.40940919843904927,-0.9345740684883345,0.09162120253472754,0.12936927589620648,0.7523864420882985,0.3790489105509997
1,0.8311664144571868,1.2866226036164672,-0.0888604769169731,-0.34481313735482205,-1.144468130672972,-0.986731598498777,0.15188085477345034,0.23175166530966015,0.40124950575223073,0.3985748352279709
1,1.007569449161702,1.0703086643684523,-0.4854164761460903,-0.39521844567108116,-0.0027696374038885412,-1.009026504470215,-0.11978857241502296,0.03137073020957025,0.16355600373321655,0.399010753789416
1,0.8455772717851885,0.9088997897760693,-0.10151333798838731,0.04555358769364651,0.0937579397652529,-1.0711996111411435,0.11716306262251748,0.17611910438416123,0.4876267172204313,0.4036262053317828
0,0.40574097381460084,-0.04570804832939021,0.35560287154669534,0.5964453373449886,0.44376743544960473,0.08263854429056035,0.027300226124324648,-0.052466165041021945,-0.0949697677774172,0.40677687640990967
0,-0.03975499689465815,0.20267073062115074,0.0402005356168482,0.08854550371507981,0.7644411551616747,0.01943308845373193,0.36483476323954506,0.10162120167606842,0.3895302021897791,0.4041182476188215
0,-0.14347003311442827,0.32263141127539874,0.07351381825811065,0.1795573865206367,-0.010006228860242479,0.05996900931937296,0.07916698297209107,0.030716893679922256,-0.14006697906661608,0.3988527342968801
0,0.08237037208825422,-0.27113214846208006,0.5002141780661193,-0.10736778185812813,-0.7017668755876936,-0.036549667057799856,0.10021017521280833,0.1517995129423303,0.6509772607756332,0.40183220924955737
0,-0.1478213912302579,-0.1125487848421207,-0.1667110876479979,-0.15246566281018523,-0.17863176737629155,0.06211750338118147,0.010026743576331279,0.21265429299223926,1.0061379950131877,0.3941043798638873
0,0.34531150691204243,-0.09802301002135438,-0.10060760918723599,-0.2082225161941151,0.37412418070769904,-0.06484884804992298,0.19300288523152323,0.05907713095477974,0.3603101875347737,0.4110796535372854
0,-0.01627857085669083,0.2265811430215147,0.39384033058709905,-0.05390226294916963,0.28480029469479534,-0.17403258715631667,0.05597965657543293,0.1357514632982527,0.25591792205241365,0.3944327408777464
0,-0.000999583353490528,-0.007915660253286532,-0.7266293006197099,0.5060934957399471,-0.16589208543212958,0.05388568752336989,0.22502900823331579,-0.030964402143827344,0.20106404877584771,0.4086550053624971
0,0.06799784961434834,-0.42737898715054246,0.027024012115194115,-0.26650300035667546,0.4132716516566573,0.030767376264578396,0.3175822936254567,0.08439075769650298,0.07954117293928302,0.4001316019189587
0,-0.05257876939687429,-0.20666618813294302,0.345384467564756,-0.26970128316462416,-0.22190815849598533,0.004283712703575802,0.49350314291250535,0.007167378865937551,0.49170708629570986,0.3838139649353556
0,-0.3229728984953773,-0.24710964985780778,0.4538873647648028,0.09076577771968229,0.0854863853869358,-0.11469532269630048,-0.20187095497811433,0.13204389916808829,-0.16405396636660638,0.39802512000206586
0,0.6652294958848214,-0.21250225154272445,-0.2444843045614105,0.26169029839806485,-0.2756556477053568,-0.16222478254741637,0.05557663258091471,-0.020971443767904076,0.3783670194834673,0.38958587931628125
0,-0.03150545082538391,-0.2410574646768948,-0.27210640313518236,0.1958610683307397,-0.467020390388011,0.14760738522580638,0.24505233045217684,0.03788561565891159,0.40571287078987567,0.3966079032501069
0,0.08132910180987546,0.10956187702716372,-0.058779502491268086,-0.5717334979160521,-0.48391820274889025,-0.05500306663161526,0.23702242709242227,-0.02003729691539827,0.48264896872442276,0.404019809954145
0,-0.39584736866490394,-0.4268373896657354,-1.0454488976547691,-0.5885233816507853,-0.10375627710037359,-0.01324515794588433,-0.13833059647465273,0.1603890513458999,0.9767364112663645,0.38979087473841884
1,0.28973873965060093,0.9324595013496517,0.3463233868550871,-0.24251953773474264,-0.4924326517041291,-1.0388092624623166,0.4049163166357787,-0.06852906370541177,0.9278274439825454,0.40325872397815515
1,1.3415551343595253,0.864171635372088,-0.4517432146181646,0.11455706883102892,-0.08966021968456796,-1.021457578478697,0.3681124755802988,0.2994468715643649,0.5715642869181216,0.39931726015964636
1,1.1608645952512495,0.8662968131754988,-0.14729080203274283,-0.12441142561027153,-0.3703393458060911,-0.8960775087048546,0.3982830263455856,0.043574695171448054,0.6503589702117779,0.38872447644455105
1,0.8074303496047682,0.7697334539090277,0.14152711397475976,0.3336197463872183,1.1480939804610935,-1.013156535864062,-0.027749819459440404,0.051084821438851666,0.6224297146402292,0.4053090916750789
1,1.612818833733517,1.1163447114346794,0.2204300812165702,0.3231556041458312,0.054377683272535726,-1.0113011592991858,0.015423238886956039,0.12440989628419015,0.40899094639318,0.38018082215258875
1,1.3962871419248073,1.0490717421212024,-0.06481444279296074,-0.060191972282239645,0.3378960283700844,-1.0686141524313677,0.11318406820674448,0.09352787160418627,0.3371284890931298,0.4190058936341718
1,0.824525736434199,0.7006804157128498,0.5675739886862337,0.1676951611973268,0.041403987714561816,-0.8984686125046664,0.251831398542438,-0.030738621466415365,-0.16108138964009747,0.4147310174963058
1,0.8627250908438022,1.1905735576289591,-0.11696538230919083,0.4054629094070192,-0.4526636064126201,-0.8476301255529933,0.024156292141088085,0.04753179759406849,0.7039852538807093,0.39403992773189883
1,1.0611418447772378,0.9672478753236377,0.21346345195474706,0.14609574469380035,0.35934348983121933,-0.8939723829869174,0.05090281579157863,0.05751791934759315,0.5656132115644933,0.3984094796011918
1,0.8085256949536173,1.0405198700196967,0.056045923329084216,-0.14927314166387334,-0.2588669732118299,-0.9077317360697634,0.30181591194067753,0.14664345675638774,0.4773628305590941,0.403437930572595
1,0.5311434915977803,0.9021916514504479,-0.02232925024671166,0.37896525471864984,0.2633553103710336,-1.1358818129527206,-0.2550797549894781,0.1424004211598589,0.5009609861838346,0.39155103242975714
1,1.0587687958863494,0.9211932533324353,0.23108085142146614,0.003725975585409695,0.056076579148908255,-0.9830312460385974,-0.1627566362703798,-0.06186073286759227,0.08949639209415895,0.40242035995256537
1,0.6094082860020616,1.0376901081111733,0.0866511959906645,0.28298532971334983,-0.44594560374863784,-0.8863403510480525,0.24391609176651674,0.17187018690800918,1.102776643116969,0.39706443467281743
1,0.7753533750515338,1.0647324666264826,0.3147384485105199,-0.2654663257048408,-0.7517678936317527,-1.1880023127128667,-0.14971123115213006,0.08106936902390192,0.27346069910295445,0.3992375497147451
1,1.0177616909322686,0.977451682538549,-0.29168185243019584,0.2293627764996072,0.12909190030303047,-1.0950420475161067,0.14603227728908452,0.10316199346275799,0.22871967608609375,0.4011243738536387
0,-0.15730743185528726,-0.12368013557984965,-0.42424176462543983,-0.08646036664738212,-0.2659656231431269,-0.08621351254332345,0.2159440534592955,-0.027919790133445383,-0.027875378935599784,0.4000433786990491
0,-0.4779861466789753,0.24593266709416028,-0.11942781195960375,-0.2859477184887211,-0.41671987589914955,0.0036181431161700912,-0.12620763220992368,0.07297271034600587,0.6691971591648322,0.4064805917261608
0,-0.08017130594077582,-0.25455572491093176,0.6304970973506224,-0.004996397212659749,0.27403385360696114,0.0714859148318016,-0.19134017314175233,0.04330793794265078,0.8019827784620798,0.39701048247152376
0,0.13658232351258387,0.17457071836770952,-0.6586380538465921,-0.7142964319492154,0.07715251531438105,0.09910277282125002,0.24616467337323322,0.0967650013177467,0.5820749426259508,0.39059111396587193
0,0.1100975881044077,-0.046694994934531296,-0.5337608859138977,-0.14482934731711708,0.2982835746692986,-0.04136825213947385,-0.12465611869362651,0.04575466538234092,0.2288733397750838,0.40678338327271163
0,-0.3380541452799159,-0.014131659369638712,0.5123312352879924,0.21251475115585697,0.2816859069587977,-0.07446215619147205,0.1805468564594446,0.07817267929482713,0.7114435789236941,0.4053390354093756
0,-0.028006100016656946,0.10243433691142577,0.2566932392962197,0.12865638743566726,0.2857998303297115,0.10625261025185945,-0.09752791168973257,0.08492138078606809,0.4095720680909363,0.39859411795466404
0,-0.6311074648173567,0.09066504105188822,0.1024945703964001,0.015972456255477586,-0.2456549199367715,0.0061139509205291355,0.01672335251797071,0.00854547881705005,0.29673122130097,0.4081957362487161
0,0.24988816476907072,0.08039637605901734,0.1774669738972696,-0.1334931150127749,0.17394578915495348,0.015118487616186485,0.24659620110587285,0.1228613777770205,-0.11277423040440462,0.4035915719645247
0,-0.2641544816579656,0.22054228571066292,0.11198302754215922,-0.5713135880679722,-0.16922850464375552,0.08898275321016705,-0.21340130721489223,0.028772761637005165,0.014277754022562717,0.4041183076802441
0,0.08956381847608813,-0.17864655760200565,-0.5135934817635854,0.15323759910305834,-0.5429737481521096,-0.06256772861900939,0.2406305614176121,0.04241994968646362,0.8976456302781163,0.40493022331725426
0,-0.25887729165280815,-0.1879925161941345,0.14991982844889382,0.8372310400094578,-0.7769421123417578,0.015352526406446028,0.5412435085819876,0.16488229923187514,0.7058129992763006,0.404668334969886
0,-0.18017743993353322,-0.09452755292410119,0.0595329590587257,-0.3711229622551358,-0.3519539825999395,0.06254217970727205,0.10842506705984879,0.1523074639233015,1.154782032392967,0.384018705831798
0,0.22839709099268385,-0.14611575614524322,0.19751780199741373,0.05442974770613229,-0.09900257840606887,0.1078217127763609,0.03504028200727312,0.04057916181517006,0.27551239669970023,0.4010937953301294
0,-0.06224441597261357,-0.23895267925700991,0.7181133560864862,-0.5794676222728896,0.07973209113197405,0.131090784122697,-0.08412460302364724,0.09212032652306035,0.20562184932993155,0.4112585032251567
1,0.9914266343120712,0.9868726035572488,-0.2964715354142653,0.2959342058063713,0.2628237778452334,-1.0336647285715344,0.10212936147582424,0.1503096237783215,0.6354535032604126,0.38912909518037786
1,0.9326616300944239,1.0616511593918891,0.011346614388995856,0.07508975204920988,0.09122122374647453,-1.092394813038469,0.08218456699216327,0.10782253108098366,-0.0010036243073466792,0.40101991062009346
1,0.6076000031189015,0.8887357764623408,-0.10694634388462726,0.11269681401410658,0.19442447003129917,-0.8454523234713248,-0.02178731348187115,-0.005751938661376551,0.03609558466655664,0.40731256641807373
1,1.4631786362394097,1.1387420825695669,0.7242558583054148,0.368268189774591,0.2835358340484775,-0.902581637211132,-0.1445257752386424,0.22082320200783342,-0.6475697644217489,0.39497809737384976
1,1.568921551701337,0.8087894191618333,0.07411728261368351,0.5892025959168218,-0.8031224053968766,-0.9338893115205629,-0.08700126714945387,-0.0034247929539043434,0.020178570183184197,0.4147651276484072
1,1.3104794193882632,0.7728684484470087,-0.30851429911618133,-0.04284925699978993,0.2060592834018207,-0.9680378939462958,0.09539844162426232,0.04971567595204023,0.1067866338098972,0.3946576404910713
1,0.7746650105099829,0.9372155615393049,0.08495014551537172,-0.13920859027587024,-0.15739631387790748,-0.9615731245716932,0.09159506669121519,0.1497101757220225,-0.019936001546699077,0.39865841113684075
1,1.2172041448131983,0.84678412604054,0.2346704941381531,0.41388747420431315,0.04491174643308494,-1.1193822480185762,0.24312390535853776,0.05625585544679225,-0.09430800672337918,0.3986066577271637
1,1.4081335131196306,1.0225522182198046,0.6025956283307884,0.29521011938445535,0.3626086287166284,-0.8958133600240424,0.1468491744750446,-0.10908133142434885,-0.8180937776351597,0.3992168881142376
1,0.6222016317910137,0.7245834303652311,0.8077790295939304,0.15033972969753384,-0.040949796534390175,-0.7721105741429699,0.0833982756370336,0.000989737394931117,0.33993174157146944,0.4124192228604001
1,0.8487771842679918,0.9240781227043522,0.41581309667146477,0.07875088301718416,-0.37759767583052534,-1.0325533655421095,0.04983723072309964,-0.07984153279064087,-0.5312083404055298,0.4006039102953011
1,0.6843904172176306,1.0842372795143893,0.5391994150482429,0.12844037006076828,-0.0037556058704920985,-0.8967171312925253,0.23231464763298512,0.11171913386320438,0.8917399070929731,0.411431579374162
1,1.1774860546198354,1.2271193061994012,0.011111348141532123,-0.3020189037952809,0.24002568824812182,-1.0084434525581152,0.10809639818909748,-0.07571493973990566,-0.07889405915955632,0.4047387152275635
1,0.815697714494033,1.1991639437593233,0.23541771400271252,-0.05184090542136789,-0.2825527418490146,-1.116043531899812,-0.1508655138446684,-0.08293593095563402,0.5973400762821843,0.3933302767897486
1,0.8141262073718013,1.2299484103184404,-0.368187497461822,-0.20512313668461898,-0.336575012421379,-0.9714406260425631,0.26529838057075306,0.12574930198232387,0.5945736985236393,0.39334158459567864
0,0.3492214281153779,-0.25449192023092587,0.04067911673713338,0.011195383293904597,-0.13491053745896578,-0.08399396891114987,0.153158210239051,0.18266516078996317,0.7526519925079312,0.41229235457924474
0,0.25900859105645185,-0.3264849816943005,0.16859080608048177,-0.2023345798893882,-0.646858248864971,0.10275136532047993,0.2562539160324109,0.1178620063942378,-0.1435460767226208,0.4046094104915693
0,0.49928302367873795,-0.09230754379226123,0.30243508188626833,-0.3284955856076363,0.35955907059798303,0.022019743891975425,-0.018799441208437177,0.06591715179797551,0.35569711097661255,0.39164594910818784
0,0.8861394341672787,-0.09156041878745033,-0.04466154493184694,-0.258545786642836,-0.34753812253192073,0.1263979649034612,0.2649427129131236,0.09299647854827142,0.1784716356253349,0.40232980403350266
0,-0.26671111572981326,-0.10200739109381861,-0.22536955511922474,-0.20681239506236962,0.023084514089420246,-0.07841836911683679,0.2117643363125054,-0.07869329674902487,0.05735721766482097,0.3949470164551059
0,0.08503849653474393,0.16440244603670684,-0.8176403555660055,-0.01788837610493135,-0.9985922440109124,0.0727200862631343,0.11451499100922681,-0.07606048129351897,0.2895492398717972,0.40210046766585067
0,0.12231040043348734,0.16015215900412805,0.1565048025746856,0.014861513521459589,0.39262105708396666,0.0291113410216543,0.3673478531958616,0.03432455171038763,0.29361066894334087,0.39464025310855017
0,-0.2714327818252975,0.0285750327910905,-0.06867555710892777,-0.03141076218944981,-0.0911042515825794,-0.06934578610613146,0.13300903882241924,-0.01241495297720452,0.702615022737068,0.40099115155763326
0,0.5234145490563297,0.13852713934579264,0.014241324741946377,-0.5957645251567529,0.5052905425864934,0.08603053051187415,-0.06536723071009524,0.07844152484965157,0.17438591254975022,0.39103405102578465
0,0.3250681065229177,-0.27769477806945414,-0.1514382480759707,0.25428245199022903,-0.276258067046215,0.020964526091131905,0.22505539616700287,-0.0064082384154674306,0.8959397751091145,0.3971798046922216
0,0.1785867562990799,0.05265588562073036,-0.4750605055964592,0.08332496867073415,-0.38262920622009533,0.15208373296869288,0.29430682934282554,-0.13897593604384856,0.3543726113676703,0.3982832870925963
0,0.5548588780244731,0.0680534154701516,0.5750874534237843,0.1457186289842808,-0.08256490345097942,0.07536960463522235,0.23293402084904946,-0.055692134463156816,0.43238280146617736,0.3925370269392292
0,0.11156359998045241,-0.14750381534208623,0.021100830966715313,-0.00830894829630159,-0.06944036186025027,-0.09019079815640549,0.22846947646104923,0.0062857101002812355,0.5001696372813137,0.3961954295006694
0,-0.03866925526920377,-0.2938622319958113,0.044609591901917336,-0.15558231250868415,-0.11146664571370223,0.14343825807684757,-0.002007400196030174,-0.2025772278800753,-0.02745465264675085,0.3875777210499506
0,0.24697809460176953,-0.3612578182276545,-0.13956458540592775,-0.15983568318717714,0.23165221589569987,0.20725625125147504,0.5321291563115228,0.009711865829150325,0.19066603766480616,0.4008397172628683
1,0.5980069105061274,1.0672646296079846,0.18278162780476664,0.005842855141937692,0.3978443437511596,-1.245423368992352,0.06252624105462208,0.10315938234585792,0.19253102370203398,0.3838197046913796
1,0.9039061625708256,0.8706015713172159,-0.4533538923156135,0.2724725113557072,0.4450429415391417,-0.8722940763822429,-0.16176850322994746,-0.05562801808576673,0.4555966330276212,0.3996933598830189
1,0.903844956252703,1.1419588931435798,0.16258982638760958,0.3885729098746681,-0.3991283052223922,-1.235573723045334,0.32017332656314795,-0.11503705979100462,0.02943347560696181,0.4014415073052265
1,0.8401629452289566,0.9427808908980689,-0.26721161819645034,0.16146129700891063,-0.09144124139838947,-0.9188377409194383,0.07281738318437167,0.23613264131838002,0.6521187543527277,0.3928181957218314
1,1.2704239535643111,0.9388367706468278,-0.4815041814282749,0.2887882324652753,0.20590136197998246,-0.954869542198799,0.028976133703518047,-0.09992995124037019,-0.5178421190158511,0.3904562927913162
1,0.9234044135858941,0.9930763190107813,-0.45199661401880814,0.2689414167355602,0.44958908496088085,-0.82677356394418,0.21880406662536836,0.03307336240386728,-0.10106606495809348,0.3859686090853884
1,0.9513492582641159,1.1464446708479379,0.18797655309337727,0.1304567751449654,-0.5502040123935676,-0.9497210490536506,0.2036118443985245,0.016888532596732186,1.1633448734650993,0.40549736163623673
1,1.2559934738911733,1.1719354507536908,0.5146868059594963,0.44391936551411443,0.14330337081871816,-1.0213554110389569,0.06496347335454113,0.06804831803659565,-0.768493408967136,0.397903239771119
1,1.086929707787564,1.2412290310129062,0.814476395011682,0.09509955120235869,0.3471119762970644,-0.965055225069323,-0.12322293200117616,-0.09373024632884297,-0.07456029346076701,0.4111452782467501
1,1.2123237476937183,1.0488808905941034,-0.2626447378869387,-0.060161233569414115,-0.4902082627978804,-0.9174220145724593,0.03885057859786275,-0.08443855443317524,1.2601899512337245,0.3944036846671494
1,1.041016249313906,1.2503171566614701,0.5089033231311204,-0.17113949795080757,0.45530188235544905,-1.0956305180444876,0.08570031652302093,0.09861521519707517,0.08549028491936242,0.4031152951111461
1,1.0580746242430104,0.8084590303943519,-0.15140544740966647,-0.3793112502621821,-0.20659671670492463,-0.9013077945639852,0.04613412176713116,0.01734523606491397,0.2748497768182342,0.39022856557537433
1,1.1539882329722801,1.122613139139632,0.5424703974061567,0.36741831675448816,0.08507401179705813,-0.960844388973792,0.08085399780284255,0.07705871315057702,-0.0007422614773469023,0.4152957982315792
1,0.8266382055504703,1.0063796870190407,-0.1599695711958282,0.3782745148873922,-0.3705067173704479,-1.0276749978081547,0.016402620014510164,0.10182938905861855,-0.5680249310963416,0.40521950567890974
1,1.2611302030404716,0.8792367986965486,0.34761097857802875,0.6729775629340242,-0.14796458888910086,-1.0877434629696685,-0.04306544084698569,-0.08774075645470897,-0.19922104301855093,0.4115816512492873
0,0.1349316261410139,-0.0977851796611755,-0.08998106389919956,0.1496972446913393,0.3719746466064911,-0.0030092414372981783,0.06492750076410285,-0.032622320872098376,-0.05838038907480794,0.39775782698202733
0,-0.2721241879564044,0.10376718296028549,-0.39369826231564886,0.061211858574191196,-0.3114006516502898,0.1257514215097339,-0.24753404265664458,0.05438186131295569,0.6883614542041739,0.3933902246518399
0,-0.3216391264944156,-0.08999703898812449,-0.9157593686956145,-0.4792731339991325,-0.7026933238429616,-0.18769084347932,0.4510913664006256,0.17137421999481395,0.32177453163229974,0.4054785723421767
0,-0.20389543939938207,-0.06599324997724991,-0.34318451652224113,-0.24528154925404622,0.10209765713548703,0.1561149685474508,0.08082179594392601,0.0970902647076499,-0.5632200284185247,0.40016943509098124
0,-0.10497975145563114,-0.09128200040246963,0.25175487024488613,-0.430817868611373,-0.6367537785539561,-0.21604272166965163,0.4008056972903873,0.07503041141897746,-0.2290922313280929,0.406066049682476
0,0.11107921786467935,-0.4108888604889617,-0.2904836023899888,0.2725459212924142,-0.2710831363641647,0.030672201257547656,-0.029261191950013126,-0.01903183288365546,0.40876465782503996,0.39902071374479164
0,-0.6199725422805419,0.12840372583480028,0.23489207226329842,0.10023881245363657,0.29265126064066876,-0.05237495171916834,0.04017240142787112,-0.059545717906361595,-0.11291598173953402,0.39899622413943064
0,-0.05026050023701481,-0.2578834441351225,-0.06984894658394715,0.017413534844381028,-0.7307834174323358,-0.0023185685223404986,0.16314487725668422,0.18176359781361048,-0.13909983217269575,0.40714320169931517
0,0.018889007527750506,-0.03868468480770288,0.052377739903301704,-0.44787587925530636,-0.35623928830317614,0.02337465855255348,0.1535029101665163,0.006248352860374175,0.3957049051871915,0.3996687928222598
0,-0.682155878754054,0.04091831481661454,-0.13160575704267194,0.4875956742934907,-0.5176398026581396,0.14759627219748875,0.17526176953871558,0.10021439848469046,0.7282300750741778,0.3921585445411091
0,-0.10317407972091613,-0.06528882247699094,0.1002960986181123,0.44528774474696464,-0.16526575486288578,-0.2263064620475185,-0.09248859586919207,0.020377722294620884,0.40439827052136657,0.39665914548188597
0,-0.15501876032859657,-0.2643040657941896,-0.6555017966128531,-0.2059915171575467,-0.6530992855780916,-0.10949893097362354,0.057136615884881795,-0.03497245839278206,0.5776256784285394,0.4024282099437727
0,-0.1053499506467069,0.20850001444907917,0.6439710728137065,0.2238471403503704,0.13045119698160965,-0.05455500183959286,-0.10885026112133674,-0.020228550260883688,0.6467453349851257,0.39894173911086656
0,0.3460410880333032,0.13932778357403688,0.3384479892140634,0.18153493545095561,-0.11829281651561047,-0.09226751205429971,-0.10686571587681915,-0.03312252381486348,0.4833215864712659,0.4021551041897134
0,0.1670576751995244,0.17958473901699626,-0.10892684789052132,-0.02861150594323441,-0.22731266263101776,-0.05664991420058564,0.20470091755600087,0.05195863990992418,0.41037722605108223,0.3962349333876563
1,0.34666679965848496,0.8249543828428016,0.1272164560934741,0.5189148536079242,-0.024352179785281067,-1.0011976592080156,-0.07867316989439677,0.06064861067869181,0.7640602967258839,0.40126685703300535
1,1.1065816431476299,0.7459984688101332,0.04909548806540136,-0.03309147217183261,0.3845681401649874,-0.9696359160679676,0.12474780448522517,0.0370981955947216,-0.09624895347183511,0.4052086701268521
1,1.8753817005087965,1.365990768185306,0.007895483454825283,-0.26269862729855276,-0.2926854826766261,-1.096785325231059,0.19466311741306455,0.03615405788018833,-0.04493930543013856,0.40166541727702354
1,1.183299770873425,1.276629854181148,-0.14291252332576565,-0.9110013744162221,0.12518496354022401,-1.0851677440901855,0.051553068449388464,0.08777986287832178,0.17148061247653937,0.39791154478098356
1,0.5410705330767783,1.2070681706289021,0.23896226011251956,0.12320736239809107,-0.3757582321213698,-0.9554570010386946,0.040069111813558975,-0.038950630360201605,0.040855187323683366,0.39507734137634176
1,1.405455478441028,0.8396808439154619,0.49748973230074695,-0.40221600866907187,-0.2685538450810924,-0.8229521020974586,0.16881021916236277,0.010215159732933396,-0.08243243531974721,0.4050218751763357
1,0.6954365533006737,1.126070949641204,-0.23217776792375858,-0.3688112874816506,0.24523525769073598,-1.1183619126980036,-0.12361902204395048,0.09369722651172352,0.5020123860460495,0.4024072995993441
1,1.146534889364126,0.983941330461497,0.03410833555719526,-0.01411810431436669,-0.4515756158737692,-0.8501361956272219,0.08342387796656241,0.03313316819587293,0.9782300036743088,0.39470674757530294
1,1.233435478762689,1.2863927505377806,0.245529029849562,0.4664878683180933,-0.09416316027859446,-1.0299077617999615,0.2547125997681239,0.07838328632378767,0.2527336255271356,0.4033344612892436
1,1.0482864825096339,1.031629295294338,-0.20675951072714302,-0.10213624858274165,-0.31988026085404125,-1.0341733787725729,-0.21535937216791273,0.13455101043408021,-0.46497160852935615,0.3998685122033653
1,0.9095228662650148,1.189759954077908,-1.0284609345849558,-0.04385525278820288,-0.04332619462151515,-1.092662710789221,0.21575078064524675,0.10230700281501269,-0.7041134068399296,0.39291867763859983
1,1.046543096269825,1.4360326337547913,0.924506566833486,0.040225477209546605,-0.297707093983022,-0.8803864330270379,0.1992755022266764,0.17201525046008173,-0.41702161598836684,0.4059395079562768
1,1.4602747954216322,1.1022762607654197,0.43759611272557175,-0.2772025453572349,-0.033641366345977725,-0.8146373268039395,0.12487739819902048,0.05500377245136013,0.11162769156317658,0.4066631155502566
1,1.1789403905564972,1.196106662486276,0.1028132093972059,0.443857554539514,-0.036325998254882724,-0.9991045858867292,0.14597632372334354,0.12516410417010582,-0.16138071840141144,0.40422582913428495
1,1.0711977759931874,0.976090763460743,0.6938169738442211,-0.07099820163718921,-0.8872909367194105,-0.9791857065136206,0.23071094392533056,0.07990340845283334,-0.23093176469410204,0.4045330320712716
0,0.3934084514813914,0.10270077390660098,0.06333742193484326,-0.3933802442563662,0.48271474911126094,-0.2037486829247182,-0.07476104535100513,0.018715465616155624,0.1326442893399307,0.3994877737795801
0,-0.17561581359184467,-0.19349292797501236,0.26034665183033345,-0.46819456980591895,-0.2373264443763199,-0.14047792655918134,0.19267307531607833,-0.041051932833527115,0.3240746819485437,0.41857744389970203
0,0.022680242764291723,-0.11969117604151465,-0.0733817241526421,-0.21682952728891877,-0.7752072032681684,0.0590574573395479,0.05120289614929832,0.01545489450558477,0.20627382583262707,0.39986733649742273
0,0.24532689049253348,0.3724205952232895,0.5885086627560824,-0.165853585234318,0.32067948975658733,0.050255234950958565,0.08791721914601136,0.14483525998354052,0.5143000071821456,0.397095662862161
0,-0.17921872800154023,-0.5248410083555282,-0.1822495708874088,-0.040815188050915455,-0.31709870011306307,-0.02945398101501942,0.1934427015577332,0.14951071942158195,0.23409087487235136,0.3986674776803101
0,0.3155930632790152,0.11582919380839894,0.21814624902739993,0.39593231334936996,-0.5590864773446688,0.028862280757359266,0.017429397539860537,0.05308508386734644,-0.032764972858763564,0.40523069009549134
0,0.3723244997472803,-0.16025335493971601,-0.6894700161771483,0.5199612665042791,-0.5442559710469205,-0.050551902019239016,0.25747988649655906,0.15459795876045898,-0.2390053842433876,0.3920805709125992
0,-0.4331237418407248,0.0646547642597717,-0.16561131357480652,0.12408526363309555,-1.0665623263967652,-0.03426559503386196,-0.22495685558646217,-0.08074312640639371,0.25793632061047606,0.41067319678534836
0,-0.20435971228918207,0.10247339469212301,-0.29364075740966616,-0.2302370178498144,0.08890465590863592,-0.01180679468956801,-0.08373070186161265,0.03933063265562471,-0.03324763215458278,0.39858013828300953
0,0.2952379956957321,-0.2910554792775783,-0.3313508467688109,-0.0795119350583738,0.22567279340890387,-0.07359469770125157,0.14224432966968453,-0.030953161955131935,-0.04599701651747079,0.3949182686790991
0,-0.24315377898617208,-0.18035451834792537,-0.030239544351543204,-0.09371539104962767,-0.5105802468670895,-0.0670489159403073,0.19866656957639026,0.10468980870135272,-0.16916559514029234,0.3951736178134525
0,0.3611680761941419,0.04008290678945156,-0.1918380755987851,-0.26465145792184314,0.2382484966919312,0.033094321872718456,0.05809511009664478,-0.05059180011727788,-0.17429338913559156,0.38886919756647903
0,-0.09064432558254933,0.0798695534532659,0.2251327600192005,0.33555802365357745,-0.36360933121362804,-0.031240601527544726,0.16367830873331224,-0.11094930728426565,-0.10199054595826851,0.39212649337411165
0,-0.07248284221181064,-0.3309513143889292,0.24197429166746548,0.14692100014448414,0.03696144747273903,-0.024164599284056683,0.2567661946863995,0.08076107789101027,0.06268422189734267,0.39768734478974666
0,0.4121472900336829,-0.18517924570724859,0.3573508280969428,-0.27846078983718103,-0.7399634005157126,-0.0307884345391779,0.16554245681294918,0.13907222970269853,-0.011525558365851776,0.39841974231963206
1,0.738281864061299,1.120627036119475,0.08572760434326297,0.3450123436095866,0.4748409806649339,-1.0081069711770434,-0.107383369523203,0.15094049081755134,0.1595560807414163,0.40761277187732914
1,1.3275195776848923,0.9738353605889482,-0.9998446113270342,0.27250564264792615,-1.198587077134163,-0.8471043520596233,0.045876140589433914,-0.007645501471263979,-0.04384508741077853,0.4077030537781944
1,0.4059193718952149,0.977275442627217,0.2669110533770391,0.31321428146994484,0.21166430095194477,-1.0143256159087206,0.6262748353341577,-0.04863715762454028,0.6909462759658669,0.40021230133388264
1,1.1835850369279919,1.070930038991313,-0.9216709988350157,0.5860325124395738,0.10732786818676868,-1.0654967747677893,-0.0036183708700318856,-0.024245343011873994,-0.22887003334591494,0.4006641568091236
1,0.4455334228036103,1.288369470841742,0.17449546876256244,-0.09820113108713656,0.09005194247833054,-0.8424347533988295,0.11927460873737099,0.11448128414326493,0.2582321311209862,0.40001317697680466
1,1.116014328190339,0.861527083082803,-0.35969629394801933,0.0044332541650734586,-0.21410402912205379,-1.016536028050881,0.1122108656563989,0.043025478561082985,-0.2944896068068048,0.4025731889707269
1,0.7534824576566993,0.5750988388756251,-0.40093883079808645,0.3891742609141852,0.2224693320314467,-1.05278981442076,0.49908256081370694,0.04456197682087441,-0.13053379570915002,0.39985218761103664
1,0.7306626661724867,1.3586015190752587,0.012867807441371861,-0.020552343502018445,0.1063228027934437,-0.9723491284168008,-0.5273640077911356,0.126979978590287,-0.3184973890908046,0.3949725221799043
1,0.6869817113907469,0.6247157114651342,-0.3640386073600917,-0.22591575707537384,-0.48670547816464516,-0.9059279526043544,-0.2287858777395194,-0.031258548833462046,0.6792193064493736,0.41564695830791437
1,1.3256078528310233,0.8218128943860397,-0.36043520211427515,0.3555388439118283,0.026437646876897945,-1.0729564423125268,0.04647549811390608,0.13489826812665517,0.7401301905119634,0.39145867989586597
1,1.3040099561603447,1.2008824134811462,0.6872021309892448,-0.3134700998522784,-0.15257696300215126,-1.0311567875795828,0.4824721925045703,0.19746897920275744,0.45695352328121264,0.3982621516448249
1,1.2558097057945177,1.0960880254453893,0.24008581018989159,-0.264678008190293,-0.14508573726652738,-1.0926273500807975,0.32184399342098907,0.03632472250321979,0.48959497223177284,0.39417258330243715
1,1.2957515289157224,1.0088762914789964,0.32451888661075756,-0.34143600827527637,0.059503212083993014,-0.9481100022597512,-0.2237239683542321,0.13111136694533165,-0.7492729425351893,0.41091043673103045
1,1.2331544245045132,1.055482425950508,0.4344095816941147,0.14485152883116836,0.21195124579311514,-0.8566275555057894,0.26805719619804874,0.21342372071061147,0.683632532570487,0.4004078518626719
1,1.3490879208165905,0.9545729718526584,-0.1374531642555113,0.4107445638256569,-0.6060810428634741,-1.0748688393990005,0.2376457873266484,0.15405052953734158,0.6221403329613492,0.39197128033789513
0,-0.11872436240825605,-0.10986177702052272,-0.20323570278995245,-0.8301785922421148,0.3663297759530987,-0.013186361503579375,0.16461083476007005,0.11655963140409242,0.6495089429082043,0.3992049619868009
0,0.22248596254187875,-0.20587467843493432,-0.7266087255028921,-0.5098258606911554,-0.1536256646406699,-0.08773997433652671,-0.2414032323745448,0.15367545468594054,0.6641836023532579,0.3976884245788765
0,-0.05578062016142006,0.25461483422783904,-0.2137745927585594,0.06701570335127315,-0.2677356987086908,0.12657772336227688,0.10035179311403183,0.03287673878433971,0.4138815002585391,0.3953491537410927
0,-0.09615819787513787,0.06601207938314323,0.23100236716198075,-0.24148443362645067,-0.16368235700815598,0.014401720233887855,0.025774346240367094,0.10490712166437542,0.6318534150553157,0.41024347460557026
0,-0.06811664559588461,-0.06423969444862147,-0.13674362012773777,0.07181923906516009,-0.2410863649934227,0.08643250001225272,0.2866789728288212,0.0025857782643543105,-0.7460894161335515,0.4005927770707546
0,0.004589659239999661,-0.23546404427685244,-0.5501076285062761,0.024581699485745855,-0.5156075978302754,-0.19675342873149088,0.05176095210351136,0.0009581617756164424,-0.7536349048230457,0.39871957732530966
0,-0.09964382211800972,0.04045861469707771,0.3152546116342435,0.06549964782117643,0.36377790179494157,0.06587695676778503,0.2007797731631959,0.07462038724035387,0.9616897989912098,0.40276496165668263
0,-0.29679351474472765,0.0612250215915218,-0.21378317919701928,-0.2847721731683965,-0.267436039909285,0.008108788898950135,0.11046444180705584,0.09688574621295974,0.27004811246384713,0.4106217168172583
0,0.01101553881419549,0.023169632010763337,0.18197784722679392,0.42016691182660404,-0.25459254114491214,0.10613200881653143,0.02419046662853849,0.13741431041999916,0.5516538023240554,0.38588206780841605
0,-0.5648186165014514,0.055766464579790564,0.1380996761733607,0.6398649766863196,0.31851482279730964,0.08004853166313658,0.14409784905923634,0.18495566025511181,0.389069270013911,0.4018263759513203
0,-0.17065272456746436,0.06997827034790043,0.30801201159742403,0.1996809345957034,-0.03497208926872622,0.07141441670390607,-0.14166440534291525,0.0872156495221359,-0.0737585775662503,0.41663838599254494
0,-0.10682979494964827,0.32639068100955315,0.35852438494852396,-0.12199641279166965,0.5328127083598841,-0.09187691022626682,-0.10220018018730251,-0.012285848954329756,0.3961261986858982,0.40637882492797117
0,0.004555904703537516,0.3447878472940993,-0.13988095992846872,-0.02878608176949424,-0.3975644305449973,0.007307262960589803,0.09868528307136763,0.07853623759778401,0.351928289305808,0.3846156677588565
0,0.50687038044927,-0.002210032212943858,-0.24966675096705487,0.3219204800170902,-0.179100408926979,0.15085992156530176,0.27509720765442724,0.0821341732784925,-0.687355004275856,0.38795233642419236
0,-0.1816013075614409,0.019434658749759012,0.009065933570725158,-0.3445266956908427,-0.19038200443771247,-0.05297433172375435,0.10895695845124607,0.06219226978723103,1.0110859972696231,0.4131445265340266
1,0.8592294722990904,0.81933980337281,0.382090433712132,-0.06107816585238662,-1.1383377864895514,-0.953834668876784,-0.1095982004627965,0.10829921795988587,0.016241298821921865,0.393876356820824
1,1.3413770283362925,1.0741399626887533,0.4577420455281248,-0.46425395609454484,-0.26036301130347766,-0.8803393249974738,0.3448268235504621,0.19401801277486674,0.6373032107734748,0.39309831131454237
1,1.250349160977093,0.9764735298221433,-0.41407000354866236,-0.16155395131642786,-0.2857440746051519,-0.8194525033395216,0.2410855582865631,0.08763001438429736,-0.009180865648650458,0.40719888249202596
1,0.6686118740196048,1.167087475319496,-0.273894677458971,-0.3202203058741954,-0.09446233311246967,-1.0325218364551543,0.290800693246825,0.1542685576612254,-0.08521294497722948,0.39726923576941886
1,0.9776341169099473,1.3806019958163667,-0.46723384700383974,-0.016548089369897337,-0.906397925811073,-1.0358237924780487,0.41659754018530987,0.1556200624725433,0.48003584426008217,0.3962866311824161
1,1.4533798064336971,1.0047515117997026,-0.14163986710937548,-0.11376797939978528,-0.051419914479517964,-0.9893799913313117,0.2067924887446092,0.12016591570212662,-0.16333407145776402,0.3993313419705543
1,1.3155569218058176,0.9194436859102171,-0.4815828678603689,-0.5184179726571606,0.3649332694036299,-0.9199794407003946,-0.1320922469101814,0.032436433415973076,0.23896186017042106,0.4036379784739612
1,1.066795067515794,0.9717402992467842,0.03590529649578199,-0.033229014710904385,-0.4580358349348827,-1.0210894557173653,0.4125519959802804,0.2449601544224052,0.5941223313782986,0.39728582091708925
1,1.3159946520964663,0.8627136655840217,0.19368429958312003,0.13598968826852068,0.2103322434851626,-0.954197176655338,0.27443879077167743,0.1890887684521267,0.3182965973507178,0.39429318397601526
1,1.432293875678702,0.7758327590070863,-0.10097077331905219,0.20090738387628948,-0.8025578149770614,-1.1241043041125165,0.04470566451904384,0.06347731540274129,0.326735813955022,0.39923767837606616
1,0.5729513572380756,0.9201465732739198,-0.15173285720058627,0.17950193006611898,-0.9454608812363958,-1.0097976559110657,-0.10455556902682428,0.09923866636889499,0.5778185770204021,0.39139758977755856
1,0.9556150829174017,1.150597123026999,0.19268929157847065,0.3019337383403099,-0.507502923374374,-0.9041506862286502,-0.23517763743314024,0.003085111130798237,0.23355332475207505,0.40143130792874815
1,0.8005304428569905,0.8798678427570864,0.41681818594469694,0.3840213625565875,0.6944949157381322,-0.966531453500809,-0.12153777568981429,-0.061380255857483926,0.011130656635912228,0.38710768100466414
1,0.854442866091898,1.046168476322127,-0.1637013481163004,0.46493260909550693,-0.4990740049799247,-0.8652833917233218,0.4760213126739998,-0.07918598104075122,0.0510862859224681,0.41446115811599377
1,1.0641786049767534,0.7937651995245938,-0.6299987137867745,-0.2100703652377375,-0.05378397645568349,-1.050943478687418,-0.1426315823047213,-0.004204448612906836,0.30552640264842745,0.403637033234998
0,0.3211267479548278,-0.44987596972096927,0.3367990781492549,0.36795526799508316,-0.2885166308915306,0.13273727324845028,-0.022455686270033515,-0.02869606280433966,0.11526433344804063,0.4042404764744475
0,-0.8863280758142548,-0.27389149629519705,0.10241990363494906,-0.4106177324963682,-1.3327318757138498,0.009261339525255567,0.24768177047390172,0.10899956910812955,0.18302232068733942,0.4124569880635641
0,-0.08359901520461538,0.5446224429675679,0.21462544239213516,-0.0683376015660773,-0.805387535795749,-0.032005503326767236,0.02645583732094412,0.024428026663920254,-0.5728654322770957,0.38822358789091355
0,-0.17438249056806543,0.04804686597558683,0.02340801570238135,-0.05224339436407653,-0.34692284644874805,0.0470081282280578,-0.005753069694382429,0.09011134756029412,0.1431316256928951,0.3902390935791153
0,0.01316818534386498,-0.07775089545477099,0.21410491107559856,-0.373775124737863,-0.4147610992951951,-0.048257674139534246,0.0963960183858584,-0.017195710074689625,-0.18613559282604983,0.396818791195073
0,0.03497464908528624,0.3557532298530462,-0.15206952906734741,0.09905560062941646,0.08013288684444293,0.02972403137144654,0.1244614643361406,0.04801045237934503,0.30478632133946826,0.3957584841532594
0,0.4806836751639714,-0.004106818682987952,0.5828662451686734,0.47819001300471903,0.27886620935579853,-0.21744506595516008,0.2702688526570499,0.04695424171272291,-0.5377182794908534,0.3990880626761351
0,0.44019797900681773,0.08598355287858558,-0.11327769507741534,0.15033065077222227,-0.10200409107682024,-0.057360106591763806,0.10147319432872122,0.10296409510661186,0.4138745328423679,0.39675579449186044
0,0.01228654198320538,0.13995994942337822,0.5956481970335664,0.4112625595092355,-0.31253344667477273,0.2087629177955432,0.10011141949650051,0.117817370037221,-0.09620392946505922,0.40804942051157106
0,0.018720871720320685,0.2131373422756994,0.35865481707740227,0.34670213222368673,-0.08133370932605204,0.014252762034753789,-0.3761972155257588,0.11336838414239521,0.45709448482257015,0.4078290473028821
0,-0.0768030902047079,0.0791889790995402,-0.014435317326493592,-0.500811667839427,-0.5630004337591488,0.08695666747458616,0.24811642013576274,0.3005597208009184,0.09951811963732486,0.39170778791158045
0,0.5963313681034873,0.12810728854197367,-0.27423080625509494,0.20256548878967479,-0.09374559861603367,-0.09985518131062424,0.06602112002637785,0.060567166088084545,-0.27525532465488156,0.3996020183043825
0,-0.24942947375939217,0.31637261883471635,-0.2849475419982321,-0.17624741670397867,0.5125122356546055,-0.2517687639521717,-0.2917086362197339,0.024894744437930046,-0.13923512846172578,0.4062248008267137
0,-0.27902269462947643,0.09579338478198837,0.17921693951892942,0.23788595376995092,0.02530973033465142,-0.10937169097311793,-0.029584732419681303,0.06214107057719265,0.9309859472192621,0.40869062066349415
0,-0.121726481824103,-0.3079689180303681,-0.0380499455557199,0.26347439319695004,-0.486426459850254,0.06856870539121787,-0.054589500855303924,0.16849753880446228,0.04548211238235222,0.41576694077276016
1,0.9053133764998069,0.9449474892786879,0.21784194346855762,0.3671870696171675,0.02253570354607028,-0.9117341325213638,0.1735078942732988,0.17672058487697428,-0.21464543023030974,0.4004151558253047
1,1.1254647801525637,1.1162304390520532,-0.39367346105777395,-0.15124900089724186,-0.2704825329124086,-1.027402876096072,0.09822943874907095,0.007824904964520726,-1.501161088459343,0.4046968974852518
1,0.7856767226457511,0.7574553576255704,0.07132918758362282,0.5355616841230908,-0.24902509187935365,-1.0044521400388327,0.006149124731900075,0.261114385873898,0.586853861864154,0.40393671244416496
1,0.4820347237264866,0.9235432160171603,-0.1751513493725216,0.5140686890417563,-0.10494875907794687,-1.0273372334775295,0.3621656161836728,0.017925414945026027,0.2387738582748874,0.38628015218135325
1,0.9386354528409979,1.1121852531302396,0.061862268791144315,0.43205364928034434,0.13194529330018692,-1.119398919040833,0.06364462119837781,-0.09269595729112187,-0.5159375185122489,0.39877644243243116
1,1.1980150841820518,0.8929406977842811,0.3776391148644444,0.1120691185271982,-0.6056056234432893,-0.8681429863836604,0.5392534323450955,0.20412078002534728,-0.22107651393154149,0.40376315369157023
1,0.996680935694287,0.8190106175433731,-0.2919216580390248,-0.28515588942776277,-0.4496198260882627,-1.0105073332501875,0.2674479789112651,0.23873282154054587,0.13479914608341714,0.4148008802332014
1,1.2302969235131154,1.1820002271512549,0.20898618264799526,0.13776938726774832,0.2218958959045943,-1.128878501053867,0.1607610546549129,0.19649648761434163,-0.04415039471061091,0.38888572173657954
1,1.774729224411964,0.9440529917683331,0.1508755287486562,0.0936118707374848,0.7162951378360247,-0.9455735543382979,0.08362551452815778,0.09830669214005758,-0.4646126943724606,0.4013822593230638
1,0.8076705654265495,0.9777225118649668,0.17466558631389964,0.1562894209522313,-0.30281535021443556,-1.04390461515054,-0.06995720002589412,-0.10876214795830506,0.8760157162662078,0.3999173678464804
1,0.44182872465189504,0.8869974415517485,-0.05162997600078675,-0.2527077080405216,0.6382634905724796,-0.9792456051591301,0.15359117766495461,0.1202148697213211,0.48339144810232804,0.408172330376456
1,1.05901378679046,0.8976153904220752,-0.046132105831544305,-0.06614949508558907,-0.07974162581370026,-0.8640644690735237,0.0723523600431079,0.005217932983163809,-0.18331087720420364,0.3896207610492694
1,0.7736665190297929,0.6165052951711238,-0.3697735236479947,0.24109841746615504,-0.36058008537152814,-0.9577962504307166,0.09042276085071041,0.02896555430650465,0.5537074430091992,0.39977091283796706
1,1.3455220662057539,1.2250547046445568,-0.07009785735346623,0.049379192721894956,0.41140743586298895,-0.8715626196803794,0.05606105236915646,-0.03991094801375064,0.03506301226672641,0.3900393363881227
1,0.9609490196434601,0.6484535745520384,-0.4799142066173756,-0.39381452658201765,-0.4484472523616856,-1.0888356497220204,0.001612070034379944,0.16551588281988053,0.31492891071642365,0.4024623381528797
0,0.39695025630083125,0.2642998176793388,-0.05773692942637405,0.048108743908214596,-1.0743971247853696,0.015024177664596431,0.1285192296412366,0.014900645843322825,0.5426399697111823,0.3901366431698718
0,0.24581605230683662,0.12971568543341855,-0.40673912927133976,-0.27688578286625193,-0.4747297422327692,0.10001728528014833,0.13356791028389753,0.06301392281586483,0.03223209519804824,0.3871864299063638
0,0.2240096079297805,0.07771189593790824,-0.4369845834662477,0.2543095232575125,-0.7577020941163144,0.0728922270116017,-0.009075724077781578,-0.0542618711435144,0.17909070193065305,0.3943743739166408
0,0.286275600624025,0.08390485476235837,-0.17876447143581572,0.5497011319622691,-0.11515790488246834,0.0008353750577466466,-0.02493482779060549,0.09315694079427175,-0.7803413047781049,0.3944460088683638
0,-0.26374348602365155,-0.03734595990226862,-0.00921703908524778,-0.6645379862495298,0.787325511843267,0.00015661514979996565,0.3059757115212164,0.015720708999748045,0.021493047586804395,0.4032498721824725
0,-0.7364002791766949,-0.2510787204729545,0.2275068637101832,-0.35874386982858697,0.21365611684997105,0.14925953155360014,0.218576899320426,0.04454165981180854,0.48153277058392036,0.39228229057206593
0,0.006961689420117846,-0.20179622493006005,0.2164472694726994,-0.08836649175366407,0.810299560943585,-0.07315762655741781,0.24716234057317146,0.10898320958341191,-0.19302143422444681,0.3883474409159032
0,-0.4621786319389761,0.06546620955711,0.5514554151748862,-0.21038844232835077,-0.408415212037087,-0.09664125504263274,0.030855320977226094,0.00974537417314775,0.4950916399880312,0.40524075212997646
0,0.3716352823087406,0.10006072689169228,0.1776069135282155,0.054879715615268235,-0.6826446305163218,-0.03035899721871046,0.1791330770587506,-0.03170602358415303,0.7183421673846788,0.3885745554478207
0,-0.23351045263067402,0.12140171639283488,-0.006199962056772429,-0.1566041042774961,0.04400434716992345,0.009847115838710497,-0.07252432732213719,0.06328441827745424,-0.9665581871360358,0.4227497594489354
0,-0.4680728173015978,0.04588351251946457,0.25123750557764696,-0.1348378796342503,0.1517745839816084,0.08212556430666033,0.05419666839367376,0.025995102960650968,0.2954896279410611,0.3943839777060012
0,0.011173389359761223,0.23770863480765822,0.43066070869151657,-0.008582228796043739,-0.04004795748182821,-0.024753324712708767,0.09876938076853191,-0.013706811443852027,0.5617027679577693,0.39374944823089963
0,-0.15449764572596508,-0.19657896734974356,0.8083592418052805,-0.0670316160961973,-0.09841933157084211,0.06661788980167109,-0.08414849316817347,0.03188842557423106,0.6264967160175743,0.39543072869759444
0,-0.7315248861866456,0.12269847340988312,-0.19350007725987178,0.4771080997236569,0.2920722883905448,0.033683714294301774,0.2594927700655248,0.007104107874990597,-0.4058958499971491,0.39631059105430233
0,-0.11326953064305237,-0.25213417165170354,0.250842504479047,0.37454265711440576,-0.27142585921118606,0.22411779568238788,0.06639636512320925,0.1663094646209003,0.16965953189717278,0.3820062276273836
1,0.8897734803267318,0.9873933104482775,0.29570826044111015,-0.31296493291361455,-0.41354288192477995,-0.9157005644237913,0.02096015670684212,0.2321933778622771,0.3685488173908654,0.40596783309499723
1,0.8182105491429906,1.07798355506979,-0.3057712575090575,-0.004509742627183212,-0.21864431952639732,-1.01966406455234,0.020449605271555704,0.2654362242758172,-0.47306039668130834,0.3965628893477456
1,0.7085891433035838,0.9365932366130769,0.2485513277025743,0.2072724821251371,-0.10405598795255276,-1.2037267152683913,0.08148210195260305,0.022236709061265972,0.6242389088147228,0.40220247214421134
1,1.3303994763680438,1.079147938741865,-0.33255981908748433,-0.4541495759032538,0.8204200660069823,-1.1742248392317438,0.11572306364310242,0.19370238696482822,0.3925524031090683,0.4030897021164252
1,0.9973048740551109,1.1084156169496586,-0.1965890862518132,-0.03159156650468131,-0.06767965931526354,-0.9252137048874481,0.023111357931171767,-0.05038305959339536,-0.034756090728968535,0.3939771659737006
1,0.9771462246777214,1.0000413173834928,0.1152852090290823,0.4744682556036376,-0.7516233705422545,-0.9423744063260581,0.1731982834915594,-0.005385298946957098,0.1268552723318814,0.39309421840798164
1,0.8409361429553817,1.0790129879888541,0.3097191339934965,-0.3242199027092242,-0.19218202472731807,-1.0266729584261016,0.426651515419749,-0.06151974842115706,0.612457567235428,0.38846876628137145
1,1.0198294936351922,1.2926641564659436,0.2781824537579973,0.5139493478044332,0.5872015826744992,-1.0331119003284248,-0.04063527162272176,-0.010688691118402012,0.20987102458351659,0.4070635904684643
1,0.9372912307272271,1.083709326096587,0.5252252492394328,0.3497651532118649,-0.22540228756080363,-0.7861605317562018,0.2788755546199208,0.07142855210603766,0.040219934816440664,0.3827772214622169
1,1.0708043572267858,0.9681354097861717,-0.6730766413383182,0.12226090817249897,-0.20934841328798554,-1.0746061434631244,-0.007300821551155854,-0.016959061529364647,0.5796515170689985,0.40238108924483723
1,0.9416772476152114,1.098429260013678,0.24000157164076666,-0.010908752476814762,0.49385841232885447,-0.9482088031202095,0.08088731096859884,0.17945437027099134,0.09813196184803853,0.40364658037810586
1,0.996926663366049,0.7784252034484139,-0.14805008751548057,0.355109212665307,-0.17010063981901422,-1.0017779868941592,0.1205844402609193,0.013474202808428579,0.4174146616274796,0.39500875615320047
1,1.060167208210914,0.9423552575077653,-0.15582734151870675,-0.12776012247806756,-0.24743664102008472,-0.8615429593053444,0.35643816065426237,-0.014067847083970545,0.5501284662594943,0.40842342548696414
1,0.9001238624933097,1.1249030380395504,-0.24399431116622963,-0.21040802609820203,0.6234432088089452,-1.003776116162845,0.714233581604062,0.25280474989792673,0.8553237130720439,0.39754885699659537
1,0.5337792402006558,1.1511677215049902,0.2785506520170969,0.4121387786491005,0.39564214567998146,-0.8350769567482222,0.26449982178579695,0.2194037715532291,1.3282090950649894,0.40448254382827187
